{
  "hash": "b888ed95",
  "configHash": "2b38601c",
  "lockfileHash": "cb256fca",
  "browserHash": "390b377f",
  "optimized": {
    "vue": {
      "src": "../../../node_modules/.pnpm/vue@3.5.22_typescript@5.9.3/node_modules/vue/dist/vue.runtime.esm-bundler.js",
      "file": "vue.js",
      "fileHash": "57063d09",
      "needsInterop": false
    },
    "vitepress > @vue/devtools-api": {
      "src": "../../../node_modules/.pnpm/@vue+devtools-api@8.0.2/node_modules/@vue/devtools-api/dist/index.js",
      "file": "vitepress___@vue_devtools-api.js",
      "fileHash": "62d739e7",
      "needsInterop": false
    },
    "vitepress > @vueuse/core": {
      "src": "../../../node_modules/.pnpm/@vueuse+core@13.9.0_vue@3.5.22_typescript@5.9.3_/node_modules/@vueuse/core/index.mjs",
      "file": "vitepress___@vueuse_core.js",
      "fileHash": "24ee9f35",
      "needsInterop": false
    },
    "vitepress > @vueuse/integrations/useFocusTrap": {
      "src": "../../../node_modules/.pnpm/@vueuse+integrations@13.9.0_a815a62112c0ee368f37def27b1263c6/node_modules/@vueuse/integrations/useFocusTrap.mjs",
      "file": "vitepress___@vueuse_integrations_useFocusTrap.js",
      "fileHash": "cc5476f6",
      "needsInterop": false
    },
    "vitepress > mark.js/src/vanilla.js": {
      "src": "../../../node_modules/.pnpm/mark.js@8.11.1/node_modules/mark.js/src/vanilla.js",
      "file": "vitepress___mark__js_src_vanilla__js.js",
      "fileHash": "f8cbae32",
      "needsInterop": false
    },
    "vitepress > minisearch": {
      "src": "../../../node_modules/.pnpm/minisearch@7.2.0/node_modules/minisearch/dist/es/index.js",
      "file": "vitepress___minisearch.js",
      "fileHash": "8a4e95a4",
      "needsInterop": false
    },
    "vitepress-plugin-nprogress": {
      "src": "../../../node_modules/.pnpm/vitepress-plugin-nprogress@0.1.1/node_modules/vitepress-plugin-nprogress/lib/vitepress-plugin-nprogress.js",
      "file": "vitepress-plugin-nprogress.js",
      "fileHash": "11e48d5e",
      "needsInterop": false
    },
    "@theojs/lumen": {
      "src": "../../../node_modules/.pnpm/@theojs+lumen@6.4.4_vue@3.5.22_typescript@5.9.3_/node_modules/@theojs/lumen/types/index.ts",
      "file": "@theojs_lumen.js",
      "fileHash": "553c6783",
      "needsInterop": false
    },
    "vitepress-plugin-comment-with-giscus": {
      "src": "../../../node_modules/.pnpm/vitepress-plugin-comment-wi_f9c93d4fefe1054bf11de5036da31942/node_modules/vitepress-plugin-comment-with-giscus/lib/giscus.js",
      "file": "vitepress-plugin-comment-with-giscus.js",
      "fileHash": "d91f8a47",
      "needsInterop": false
    },
    "canvas-confetti": {
      "src": "../../../node_modules/.pnpm/canvas-confetti@1.9.3/node_modules/canvas-confetti/dist/confetti.module.mjs",
      "file": "canvas-confetti.js",
      "fileHash": "392277ea",
      "needsInterop": false
    },
    "vitepress-plugin-image-viewer": {
      "src": "../../../node_modules/.pnpm/vitepress-plugin-image-viewer@1.1.6/node_modules/vitepress-plugin-image-viewer/lib/viewer.js",
      "file": "vitepress-plugin-image-viewer.js",
      "fileHash": "b8acd4e7",
      "needsInterop": false
    }
  },
  "chunks": {
    "giscus-aTimukGI-AZAAXKMC": {
      "file": "giscus-aTimukGI-AZAAXKMC.js"
    },
    "chunk-5GQZXLYX": {
      "file": "chunk-5GQZXLYX.js"
    },
    "chunk-D4CMKFC2": {
      "file": "chunk-D4CMKFC2.js"
    }
  }
}